album_name,track_name,track_release,danceability,energy,loudness,speechiness,acousticness,instrumentalness,liveness,valence,tempo,time_signature,duration_ms,key_mode
Taylor Swift,Tim McGraw,6/19/2006,0.58,0.491,-6.462,0.0251,0.575,0,0.121,0.425,76.009,4,232107,C major
Taylor Swift,Picture To Burn,10/24/2006,0.658,0.877,-2.098,0.0323,0.173,0,0.0962,0.821,105.586,4,173067,G major
Taylor Swift,Teardrops On My Guitar,10/24/2006,0.621,0.417,-6.941,0.0231,0.288,0,0.119,0.289,99.953,4,203040,A# major
Taylor Swift,A Place In This World,10/24/2006,0.576,0.777,-2.881,0.0324,0.051,0,0.32,0.428,115.028,4,199200,A major
Taylor Swift,Cold As You,10/24/2006,0.418,0.482,-5.769,0.0266,0.217,0,0.123,0.261,175.558,4,239013,F major
Taylor Swift,The Outside,10/24/2006,0.589,0.805,-4.055,0.0293,0.00491,0,0.24,0.591,112.982,4,207107,F major
Taylor Swift,Tied Together With A Smile,10/24/2006,0.479,0.578,-4.963,0.0294,0.525,0,0.0841,0.192,146.165,4,248107,D major
Taylor Swift,Stay Beautiful,10/24/2006,0.594,0.629,-4.919,0.0246,0.0868,0,0.137,0.504,131.597,4,236053,G# major
Taylor Swift,Should've Said No,10/24/2006,0.476,0.777,-3.771,0.0289,0.0103,0,0.196,0.472,167.964,4,242200,E minor
Taylor Swift,Mary's Song (Oh My My My),10/24/2006,0.403,0.627,-5.28,0.0292,0.0177,0,0.182,0.374,74.9,4,213080,D major
Taylor Swift,Our Song,10/24/2006,0.668,0.672,-4.931,0.0303,0.111,0,0.329,0.539,89.011,4,201107,D major
Taylor Swift,I'm Only Me When I'm With You,3/18/2008,0.563,0.934,-3.629,0.0646,0.00452,8.07e-4,0.103,0.518,143.964,4,213053,G# major
Taylor Swift,Invisible,3/18/2008,0.612,0.394,-5.723,0.0243,0.637,0,0.147,0.233,96.001,4,203227,G major
Taylor Swift,A Perfectly Good Heart,3/18/2008,0.483,0.751,-5.726,0.0365,0.00349,0,0.128,0.268,156.092,4,220147,E major
Taylor Swift,Teardrops On My Guitar (Pop Version),3/18/2008,0.459,0.753,-3.827,0.0537,0.0402,0,0.0863,0.483,199.997,4,179067,A# major
Fearless,Fearless,10/14/2008,0.598,0.714,-4.397,0.0273,0.0364,1.04e-6,0.31,0.467,99.979,4,242000,F major
Fearless,Fifteen,11/11/2008,0.559,0.636,-4.4,0.0263,0.0728,0,0.144,0.214,95.485,4,294347,G major
Fearless,Love Story,9/12/2008,0.618,0.736,-3.937,0.0308,0.157,0,0.073,0.307,118.982,4,235280,D major
Fearless,Hey Stephen,11/11/2008,0.843,0.553,-7.348,0.0317,0.168,2.66e-6,0.107,0.825,115.997,4,254320,F# major
Fearless,White Horse,11/11/2008,0.585,0.346,-8.014,0.0256,0.302,0,0.102,0.195,92.564,4,234440,C major
Fearless,You Belong With Me,11/4/2008,0.687,0.771,-4.424,0.0384,0.164,2.46e-5,0.112,0.445,129.964,4,231147,F# major
Fearless,Breathe,10/21/2008,0.498,0.486,-7.384,0.0273,0.373,0,0.113,0.17,147.952,4,263987,C# major
Fearless,Tell Me Why,11/11/2008,0.601,0.852,-3.096,0.0386,0.0606,3.41e-6,0.37,0.513,100.015,4,200560,G major
Fearless,You're Not Sorry,10/28/2008,0.459,0.459,-4.126,0.0275,0.13,2.3e-6,0.113,0.281,134.018,4,261800,F# major
Fearless,The Way I Loved You,11/11/2008,0.436,0.712,-3.689,0.0329,0.0322,0,0.111,0.379,160.886,4,244240,F major
Fearless,Forever & Always,11/11/2008,0.605,0.829,-4.993,0.0549,0.0907,0,0.106,0.514,128.012,4,225333,A# major
Fearless,The Best Day,11/11/2008,0.664,0.447,-8.535,0.0292,0.611,1e-6,0.139,0.364,126.079,4,245347,C# major
Fearless,Change,8/8/2008,0.548,0.756,-4.175,0.036,0.00471,0,0.117,0.224,96.038,4,281053,F major
Fearless,Jump Then Fall,10/26/2009,0.618,0.687,-5.737,0.0271,0.111,0,0.0693,0.82,79.991,4,237067,D major
Fearless,Untouchable,10/26/2009,0.419,0.454,-6.809,0.0335,0.0583,3.78e-6,0.0974,0.288,200.017,4,311040,F major
Fearless,Forever & Always (Piano Version),10/26/2009,0.592,0.16,-10.785,0.0347,0.852,0,0.116,0.294,118.929,4,267507,A major
Fearless,Come In With The Rain,10/26/2009,0.527,0.475,-6.205,0.0258,0.0868,4.34e-6,0.248,0.224,143.962,4,238107,D major
Fearless,SuperStar,10/26/2009,0.61,0.531,-6.123,0.0239,0.367,0,0.351,0.228,85.979,4,261453,D major
Fearless,The Other Side Of The Door,10/26/2009,0.476,0.816,-4.279,0.0347,0.169,0,0.238,0.469,163.847,4,237600,E major
Fearless (Taylor's Version),Fearless (Taylor's Version),4/9/2021,0.569,0.741,-4.963,0.0282,0.0122,0,0.333,0.43,100.118,4,241592,F major
Fearless (Taylor's Version),Fifteen (Taylor's Version),4/9/2021,0.559,0.646,-4.61,0.0272,0.116,0,0.32,0.289,95.466,4,294419,G major
Fearless (Taylor's Version),Love Story (Taylor's Version),2/12/2021,0.627,0.792,-4.311,0.031,0.13,3.97e-6,0.0845,0.415,119.054,4,235767,D major
Fearless (Taylor's Version),Hey Stephen (Taylor's Version),4/9/2021,0.788,0.571,-6.135,0.0296,0.106,0,0.0934,0.797,115.99,4,254255,F# major
Fearless (Taylor's Version),White Horse (Taylor's Version),4/9/2021,0.423,0.517,-7.377,0.0486,0.369,0,0.177,0.366,185.262,4,234516,C major
Fearless (Taylor's Version),You Belong With Me (Taylor's Version),4/9/2021,0.632,0.773,-4.856,0.0346,0.0623,0,0.0885,0.474,130.033,4,231124,F# major
Fearless (Taylor's Version),Breathe (Taylor's Version),4/9/2021,0.506,0.626,-6.066,0.0287,0.156,0,0.228,0.321,148.035,4,263377,C# major
Fearless (Taylor's Version),Tell Me Why (Taylor's Version),4/9/2021,0.578,0.909,-3.669,0.0628,0.0222,0,0.333,0.541,100.023,4,200576,G major
Fearless (Taylor's Version),You're Not Sorry (Taylor's Version),4/9/2021,0.506,0.444,-4.99,0.0285,0.0538,0,0.123,0.241,133.873,4,261843,F# major
Fearless (Taylor's Version),The Way I Loved You (Taylor's Version),4/9/2021,0.402,0.732,-4.665,0.0484,0.0033,0,0.108,0.472,161.032,4,243137,F major
Fearless (Taylor's Version),Forever & Always (Taylor's Version),4/9/2021,0.598,0.821,-4.433,0.0447,0.0231,0,0.143,0.673,128.03,4,225328,A# major
Fearless (Taylor's Version),The Best Day (Taylor's Version),4/9/2021,0.642,0.576,-8.524,0.0282,0.488,0,0.159,0.469,125,4,245290,C# major
Fearless (Taylor's Version),Change (Taylor's Version),4/9/2021,0.499,0.815,-4.063,0.0341,1.91e-4,0,0.181,0.344,95.999,4,279360,F major
Fearless (Taylor's Version),Jump Then Fall (Taylor's Version),4/9/2021,0.572,0.69,-6.201,0.0358,0.0474,0,0.0897,0.624,160.111,4,237580,D major
Fearless (Taylor's Version),Untouchable (Taylor's Version),4/9/2021,0.393,0.531,-6.112,0.0329,0.0181,0,0.169,0.224,200.391,4,312107,F major
Fearless (Taylor's Version),Forever & Always (Piano Version) [Taylor's Version],4/9/2021,0.546,0.273,-9.208,0.0308,0.819,0,0.137,0.271,118.753,4,267833,A major
Fearless (Taylor's Version),Come In With The Rain (Taylor's Version),4/9/2021,0.476,0.564,-5.677,0.0269,0.0406,0,0.102,0.167,143.929,4,237339,D major
Fearless (Taylor's Version),SuperStar (Taylor's Version),4/9/2021,0.454,0.555,-6.69,0.0283,0.157,0,0.343,0.171,171.862,4,263865,D major
Fearless (Taylor's Version),The Other Side Of The Door (Taylor's Version),4/9/2021,0.432,0.873,-4.367,0.0577,0.0279,0,0.167,0.629,163.936,4,238444,E major
Fearless (Taylor's Version),Today Was A Fairytale (Taylor's Version),4/9/2021,0.482,0.779,-5.025,0.0409,0.0135,0,0.296,0.328,158.162,4,241822,G major
Fearless (Taylor's Version),You All Over Me (Taylor's Version) [From The Vault],3/26/2021,0.599,0.494,-7.61,0.0372,0.816,0,0.101,0.44,142.893,4,220839,D major
Fearless (Taylor's Version),Mr. Perfectly Fine (Taylor's Version) [From The Vault],4/7/2021,0.66,0.817,-6.269,0.0521,0.162,0,0.0667,0.714,135.942,4,277592,B minor
Fearless (Taylor's Version),We Were Happy (Taylor's Version) [From The Vault],4/9/2021,0.609,0.373,-8.819,0.0263,0.849,0,0.0779,0.13,106.007,4,244237,C major
Fearless (Taylor's Version),That's When (Taylor's Version) [From The Vault],4/9/2021,0.588,0.608,-7.062,0.0365,0.225,0,0.092,0.508,90.201,4,189496,F major
Fearless (Taylor's Version),Don't You (Taylor's Version) [From The Vault],4/9/2021,0.563,0.473,-11.548,0.0503,0.514,1.2e-5,0.109,0.405,101.934,4,208609,D# major
Fearless (Taylor's Version),Bye Bye Baby (Taylor's Version) [From The Vault],4/9/2021,0.624,0.624,-7.86,0.053900000000000003,0.334,0,0.0995,0.527,80.132,4,242158,F major
Speak Now,Mine,8/4/2010,0.624,0.757,-2.94,0.0296,0.00265,1.87e-6,0.189,0.658,121.07,4,230707,G major
Speak Now,Sparks Fly,10/25/2010,0.605,0.787,-3.002,0.0308,0.0396,1.42e-6,0.163,0.374,114.987,4,260933,F major
Speak Now,Back To December,10/11/2010,0.529,0.67,-4.663,0.0303,0.117,0,0.334,0.286,141.893,4,293027,D major
Speak Now,Speak Now,10/4/2010,0.709,0.599,-3.734,0.0304,0.095,0,0.0973,0.735,118.975,4,240760,G major
Speak Now,Dear John,10/25/2010,0.589,0.47,-5.32,0.028,0.166,1.45e-6,0.112,0.102,119.386,3,403920,E major
Speak Now,Mean,10/18/2010,0.568,0.761,-3.987,0.0459,0.452,0,0.217,0.789,163.974,4,237733,E major
Speak Now,The Story Of Us,10/25/2010,0.543,0.818,-3.611,0.0398,0.00478,3.68e-4,0.0357,0.683,139.898,4,265667,E major
Speak Now,Never Grow Up,10/25/2010,0.714,0.305,-8.837,0.0305,0.819,0,0.174,0.554,124.91,4,290467,D major
Speak Now,Enchanted,10/25/2010,0.455,0.623,-3.878,0.0288,0.0739,4.24e-4,0.146,0.208,163.893,4,352187,G# major
Speak Now,Better Than Revenge,10/25/2010,0.516,0.917,-3.186,0.0827,0.0139,6.37e-6,0.36,0.635,145.821,4,217160,B minor
Speak Now,Innocent,10/25/2010,0.552,0.608,-5.29,0.0259,0.186,0,0.125,0.17,134.05,4,302253,C# minor
Speak Now,Haunted,10/25/2010,0.436,0.95,-2.627,0.057,0.0826,1.08e-6,0.149,0.352,162.088,4,242080,F major
Speak Now,Last Kiss,10/25/2010,0.371,0.341,-9.475,0.0319,0.57,3.09e-5,0.101,0.196,89.038,1,367133,A# major
Speak Now,Long Live,10/25/2010,0.418,0.68,-4.3,0.0347,0.036,7.59e-5,0.114,0.142,204.12,4,317453,G major
Speak Now,Ours,10/25/2010,0.608,0.569,-7.227,0.0284,0.537,0,0.097,0.238,159.845,4,237920,C major
Speak Now,If This Was A Movie,10/25/2010,0.511,0.719,-3.457,0.0265,0.166,4.54e-6,0.34,0.289,147.852,4,234547,E major
Speak Now,Superman,10/25/2010,0.582,0.765,-3.648,0.0324,0.0268,1.95e-6,0.103,0.559,131.982,4,275960,G major
Red,State Of Grace,10/16/2012,0.588,0.825,-5.882,0.0328,1.97e-4,0.00138,0.0885,0.397,129.968,4,295187,E major
Red,Red,10/2/2012,0.602,0.896,-4.267,0.0437,0.0773,8.87e-5,0.091,0.641,124.978,4,220827,C# minor
Red,Treacherous,10/22/2012,0.705,0.621,-8.086,0.0334,0.101,4.3e-6,0.147,0.395,109.993,4,240773,D major
Red,I Knew You Were Trouble,10/22/2012,0.622,0.469,-6.798,0.0363,0.00454,2.25e-6,0.0398,0.679,77.019,4,217973,D# minor
Red,All Too Well,10/22/2012,0.602,0.609,-7.803,0.0243,0.0382,2e-4,0.127,0.337,93.06,4,327893,C major
Red,22,10/22/2012,0.658,0.729,-6.561,0.0378,0.00215,0.0013,0.0752,0.668,104.007,4,230133,G major
Red,I Almost Do,10/22/2012,0.567,0.481,-7.357,0.027,0.0173,4.13e-5,0.182,0.233,145.865,4,242573,E major
Red,We Are Never Ever Getting Back Together,8/13/2012,0.628,0.676,-5.911,0.0916,0.00957,2.65e-5,0.102,0.75,85.984,4,191880,G major
Red,Stay Stay Stay,10/22/2012,0.729,0.748,-6.67,0.0245,0.307,1.29e-6,0.09,0.928,99.981,4,204827,C major
Red,The Last Time,10/22/2012,0.505,0.443,-7.039,0.0276,0.035,3.15e-6,0.0921,0.123,94.069,4,298293,D major
Red,Holy Ground,10/22/2012,0.627,0.816,-6.698,0.0774,0.0162,0.00208,0.0966,0.648,157.043,4,201853,E major
Red,Sad Beautiful Tragic,10/22/2012,0.624,0.34,-12.411,0.029,0.632,0.0337,0.121,0.261,129.987,3,283680,G major
Red,The Lucky One,10/22/2012,0.706,0.499,-7.675,0.0369,0.0371,0,0.132,0.545,117.937,4,240133,E major
Red,Everything Has Changed,10/22/2012,0.624,0.458,-6.755,0.0287,0.36,3.89e-6,0.303,0.436,80.017,4,243933,F# major
Red,Starlight,10/22/2012,0.649,0.777,-5.804,0.0406,0.0213,3.35e-4,0.221,0.587,126.018,4,217827,A major
Red,Begin Again,9/25/2012,0.53,0.526,-8.349,0.0263,0.199,3.52e-6,0.232,0.323,79.025,4,237613,G major
Red,The Moment I Knew,10/22/2012,0.62,0.506,-7.327,0.0312,0.187,1.47e-5,0.102,0.275,126.015,4,285560,G major
Red,Come Back...Be Here,10/22/2012,0.483,0.548,-6.291,0.0254,0.00471,2.01e-6,0.0997,0.217,79.926,4,222707,E major
Red,Girl At Home,10/22/2012,0.733,0.59,-5.86,0.0284,0.272,0,0.136,0.633,125.048,4,220320,F major
Red,Treacherous (Original Demo Recording),10/22/2012,0.828,0.64,-8.248,0.0355,0.175,6.14e-5,0.0996,0.519,109.993,4,239720,D major
Red,Red (Original Demo Recording),10/22/2012,0.678,0.902,-4.659,0.0358,0.113,2.35e-4,0.0722,0.637,124.998,4,226280,C# minor
Red,State Of Grace (Acoustic Version),10/22/2012,0.626,0.118,-15.91,0.0305,0.664,1.69e-4,0.127,0.0682,105.597,4,323080,G major
Red (Taylor's Version),State Of Grace (Taylor's Version),11/12/2021,0.594,0.713,-5.314,0.0503,3.28e-4,0,0.114,0.328,129.958,4,295413,A major
Red (Taylor's Version),Red (Taylor's Version),11/12/2021,0.516,0.777,-4.908,0.0375,0.00108,1.62e-6,0.0761,0.408,125.047,4,223093,C# minor
Red (Taylor's Version),Treacherous (Taylor's Version),11/12/2021,0.645,0.593,-6.506,0.0288,0.0344,1.27e-4,0.13,0.299,109.984,4,242720,D major
Red (Taylor's Version),I Knew You Were Trouble (Taylor's Version),11/12/2021,0.584,0.557,-6.371,0.0342,0.0129,0,0.0576,0.767,154.008,4,219760,F# major
Red (Taylor's Version),All Too Well (Taylor's Version),11/12/2021,0.44,0.528,-7.809,0.0317,0.0171,0.00203,0.234,0.132,185.972,4,329160,C major
Red (Taylor's Version),22 (Taylor's Version),11/12/2021,0.642,0.695,-5.62,0.0281,4.43e-4,1.02e-5,0.0753,0.642,103.984,4,230960,G major
Red (Taylor's Version),I Almost Do (Taylor's Version),11/12/2021,0.511,0.559,-6.587,0.0264,0.0167,0,0.113,0.248,145.88,4,244587,E major
Red (Taylor's Version),We Are Never Ever Getting Back Together (Taylor's Version),11/12/2021,0.567,0.686,-6.139,0.175,0.0317,1.86e-6,0.0732,0.716,172.014,4,193147,G major
Red (Taylor's Version),Stay Stay Stay (Taylor's Version),11/12/2021,0.693,0.681,-7.039,0.025,0.0848,0,0.0768,0.663,100.02,4,205787,C major
Red (Taylor's Version),The Last Time (Taylor's Version),11/12/2021,0.502,0.534,-5.954,0.0278,0.0399,0,0.0977,0.155,94.05,4,299080,D major
Red (Taylor's Version),Holy Ground (Taylor's Version),11/12/2021,0.622,0.809,-5.623,0.0638,0.0288,0.00218,0.109,0.511,156.894,4,202960,A major
Red (Taylor's Version),Sad Beautiful Tragic (Taylor's Version),11/12/2021,0.601,0.406,-11.827,0.0275,0.622,9.19e-5,0.133,0.232,130.059,3,284773,G major
Red (Taylor's Version),The Lucky One (Taylor's Version),11/12/2021,0.686,0.571,-7.138,0.05,0.066,0,0.0608,0.538,117.889,4,240467,E major
Red (Taylor's Version),Everything Has Changed (Taylor's Version),11/12/2021,0.498,0.61,-5.098,0.0363,0.271,0,0.223,0.474,79.918,4,245427,F# major
Red (Taylor's Version),Starlight (Taylor's Version),11/12/2021,0.628,0.685,-5.864,0.0358,0.00324,0,0.18,0.605,126.014,4,220413,E major
Red (Taylor's Version),Begin Again (Taylor's Version),11/12/2021,0.519,0.527,-7.673,0.0274,0.075,0,0.132,0.267,78.915,4,238867,G major
Red (Taylor's Version),The Moment I Knew (Taylor's Version),11/12/2021,0.636,0.402,-7.855,0.031,0.0494,0,0.107,0.208,125.952,4,285280,G major
Red (Taylor's Version),Come Back...Be Here (Taylor's Version),11/12/2021,0.46,0.632,-6.031,0.0302,0.0158,0,0.0822,0.399,79.846,4,223333,E major
Red (Taylor's Version),Girl At Home (Taylor's Version),11/12/2021,0.691,0.736,-6.974,0.0326,0.00955,1.88e-5,0.101,0.612,125.089,4,220520,F major
Red (Taylor's Version),State Of Grace (Acoustic Version) [Taylor's Version],11/12/2021,0.445,0.131,-13.778,0.0564,0.663,1.57e-6,0.108,0.101,208.918,3,321640,G major
Red (Taylor's Version),Ronan (Taylor's Version),11/12/2021,0.623,0.279,-10.802,0.031,0.661,0,0.193,0.38,116.04,4,264253,C major
Red (Taylor's Version),Better Man (Taylor's Version) [From The Vault],11/12/2021,0.473,0.579,-5.824,0.0384,0.214,0,0.0877,0.255,73.942,4,297013,E major
Red (Taylor's Version),Nothing New (Taylor's Version) [From The Vault],11/12/2021,0.606,0.377,-9.455,0.0275,0.817,0,0.154,0.446,101.96,4,258813,C major
Red (Taylor's Version),Babe (Taylor's Version) [From The Vault],11/12/2021,0.584,0.743,-7.075,0.0931,0.0538,2.83e-6,0.121,0.746,167.844,4,224240,E major
Red (Taylor's Version),Message In A Bottle (Taylor's Version) [From The Vault],11/12/2021,0.622,0.791,-6.106,0.0535,0.00188,3.72e-6,0.083,0.494,115.915,4,225960,G major
Red (Taylor's Version),I Bet You Think About Me (Taylor's Version) [From The Vault],11/12/2021,0.391,0.715,-4.516,0.0495,0.167,0,0.183,0.473,149.654,3,285107,C major
Red (Taylor's Version),Forever Winter (Taylor's Version) [From The Vault],11/12/2021,0.611,0.552,-5.828,0.031,0.256,0,0.134,0.41,116.012,4,263533,G major
Red (Taylor's Version),Run (Taylor's Version) [From The Vault],11/12/2021,0.61,0.488,-6.918,0.0293,0.817,0,0.312,0.443,125.039,4,240227,D# major
Red (Taylor's Version),The Very First Night (Taylor's Version) [From The Vault],11/12/2021,0.678,0.733,-5.025,0.0281,0.00115,0,0.104,0.581,121.009,4,200280,G major
Red (Taylor's Version),All Too Well (10 Minute Version) [Taylor's Version] [From The Vault],11/12/2021,0.631,0.518,-8.771,0.0303,0.274,0,0.088,0.205,93.023,4,613027,C major
1989,Welcome To New York,10/20/2014,0.789,0.634,-4.762,0.0323,0.0348,1.64e-6,0.302,0.658,116.992,4,212600,G major
1989,Blank Space,10/27/2014,0.76,0.703,-5.412,0.054,0.103,0,0.0913,0.57,95.997,4,231827,F major
1989,Style,10/27/2014,0.588,0.791,-5.595,0.0402,0.00245,0.00258,0.118,0.487,94.933,4,231000,G major
1989,Out Of The Woods,10/14/2014,0.553,0.841,-6.937,0.0396,7.43e-4,1.19e-5,0.341,0.338,92.008,4,235800,G major
1989,All You Had To Do Was Stay,10/27/2014,0.605,0.725,-5.729,0.0323,0.00201,2.02e-5,0.101,0.539,96.97,4,193293,F major
1989,Shake It Off,8/18/2014,0.647,0.8,-5.384,0.165,0.0647,0,0.334,0.942,160.078,4,219200,G major
1989,I Wish You Would,10/27/2014,0.653,0.893,-5.966,0.0538,0.0158,4.95e-5,0.102,0.513,118.035,4,207440,C major
1989,Bad Blood,10/27/2014,0.646,0.794,-6.104,0.19,0.0885,6.16e-6,0.201,0.287,170.216,4,211933,G major
1989,Wildest Dreams,10/27/2014,0.55,0.688,-7.416,0.0897,0.0692,0.00144,0.106,0.465,139.997,4,220440,G# major
1989,How You Get The Girl,10/27/2014,0.765,0.656,-6.112,0.0504,0.00364,0.00868,0.0918,0.545,119.997,4,247533,F major
1989,This Love,10/27/2014,0.481,0.435,-8.795,0.0321,0.678,0,0.0928,0.107,143.95,4,250093,E major
1989,I Know Places,10/27/2014,0.602,0.755,-4.991,0.071,0.245,0,0.178,0.495,159.965,4,195707,C major
1989,Clean,10/27/2014,0.815,0.377,-7.754,0.0346,0.232,0,0.1,0.211,103.97,4,271000,E major
1989,Wonderland,10/27/2014,0.422,0.692,-5.447,0.0549,0.0493,2.57e-5,0.177,0.197,184.014,4,245560,D# major
1989,You Are In Love,10/27/2014,0.474,0.48,-8.894,0.0622,0.707,1.08e-4,0.0903,0.319,170.109,4,267107,D major
1989,New Romantics,10/27/2014,0.633,0.889,-5.87,0.0715,0.00463,4.58e-4,0.0658,0.584,121.956,4,230467,F major
reputation,...Ready For It?,10/24/2017,0.613,0.764,-6.509,0.136,0.0527,0,0.197,0.417,160.015,4,208187,D major
reputation,End Game,11/10/2017,0.649,0.589,-6.237,0.0558,0.00845,0,0.108,0.151,159.073,4,244827,D major
reputation,I Did Something Bad,11/10/2017,0.696,0.602,-6.156,0.159,0.0679,2.11e-5,0.0696,0.305,82.989,4,238253,C minor
reputation,Don't Blame Me,11/10/2017,0.615,0.534,-6.719,0.0386,0.106,1.76e-5,0.0607,0.193,135.917,4,236413,A minor
reputation,Delicate,11/10/2017,0.75,0.404,-10.178,0.0682,0.216,3.57e-4,0.0911,0.0499,95.045,4,232253,A minor
reputation,Look What You Made Me Do,8/24/2017,0.766,0.709,-6.471,0.123,0.204,1.41e-5,0.126,0.506,128.07,4,211853,A minor
reputation,So It Goes...,11/10/2017,0.574,0.61,-7.283,0.0732,0.122,1.1e-6,0.13,0.374,74.957,4,227907,D major
reputation,Gorgeous,10/20/2017,0.8,0.535,-6.684,0.135,0.0713,9.48e-6,0.213,0.451,92.027,4,209680,G major
reputation,Getaway Car,11/10/2017,0.562,0.689,-6.745,0.127,0.00465,2.23e-6,0.0888,0.351,172.054,4,233627,D major
reputation,King Of My Heart,11/10/2017,0.675,0.703,-7.902,0.0382,0.00882,2.21e-6,0.0391,0.314,110.01,4,214320,C major
reputation,Dancing With Our Hands Tied,11/10/2017,0.624,0.691,-6.686,0.196,0.0604,1.1e-5,0.138,0.284,160.024,4,211507,C minor
reputation,Dress,11/10/2017,0.719,0.469,-8.792,0.0533,0.0329,0,0.169,0.0851,120.085,4,230373,C major
reputation,This Is Why We Can't Have Nice Things,11/10/2017,0.567,0.789,-5.986,0.115,0.0156,0,0.382,0.438,163.96,4,207133,F major
reputation,Call It What You Want,11/3/2017,0.598,0.504,-9.874,0.0731,0.186,2.21e-4,0.34,0.252,163.954,4,203507,A major
reputation,New Year's Day,11/10/2017,0.661,0.151,-12.864,0.0354,0.921,0,0.13,0.23,94.922,4,235467,C major
Lover,I Forgot That You Existed,8/23/2019,0.664,0.316,-10.345,0.519,0.298,2.03e-6,0.0812,0.541,92.875,4,170640,F major
Lover,Cruel Summer,8/23/2019,0.552,0.702,-5.707,0.157,0.117,2.06e-5,0.105,0.564,169.994,4,178427,A major
Lover,Lover,8/16/2019,0.359,0.543,-7.582,0.0919,0.492,1.58e-5,0.118,0.453,68.534,4,221307,G major
Lover,The Man,8/23/2019,0.777,0.658,-5.191,0.054,0.0767,0,0.0901,0.633,110.048,4,190360,C major
Lover,The Archer,7/23/2019,0.292,0.574,-9.375,0.0401,0.12,0.00569,0.0663,0.166,124.344,4,211240,C major
Lover,I Think He Knows,8/23/2019,0.897,0.366,-8.029,0.0569,0.00889,3.53e-4,0.0715,0.416,100.003,4,173387,C major
Lover,Miss Americana & The Heartbreak Prince,8/23/2019,0.662,0.747,-6.926,0.0736,0.028,0.00615,0.138,0.487,150.088,4,234147,B minor
Lover,Paper Rings,8/23/2019,0.811,0.719,-6.553,0.0497,0.0129,1.36e-5,0.0742,0.865,103.979,4,222400,A major
Lover,Cornelia Street,8/23/2019,0.824,0.624,-9.728,0.0827,0.781,1.89e-4,0.1,0.248,102.012,4,287267,C major
Lover,Death By A Thousand Cuts,8/23/2019,0.712,0.732,-6.754,0.0629,0.454,0,0.319,0.313,94.071,4,198533,E major
Lover,London Boy,8/23/2019,0.695,0.71,-6.639,0.05,0.0246,1.04e-4,0.133,0.557,157.925,4,190240,C# major
Lover,Soon You'll Get Better,8/23/2019,0.433,0.182,-12.566,0.0641,0.907,0,0.123,0.421,207.476,4,201587,C major
Lover,False God,8/23/2019,0.739,0.32,-10.862,0.239,0.736,1.47e-4,0.111,0.351,79.97,4,200307,B minor
Lover,You Need To Calm Down,6/14/2019,0.771,0.671,-5.617,0.0553,0.00929,0,0.0637,0.714,85.026,4,171360,D major
Lover,Afterglow,8/23/2019,0.756,0.449,-8.746,0.0344,0.13,0,0.114,0.399,111.011,4,223293,A major
Lover,ME!,4/26/2019,0.61,0.83,-4.105,0.0571,0.033,0,0.118,0.728,182.162,4,193000,C major
Lover,It's Nice To Have A Friend,8/23/2019,0.737,0.175,-9.912,0.0401,0.971,3.37e-4,0.171,0.545,70.008,4,150440,A# major
Lover,Daylight,8/23/2019,0.557,0.496,-9.602,0.0563,0.808,1.73e-4,0.0772,0.265,149.983,4,293453,C major
folklore,the 1,7/24/2020,0.78,0.361,-6.942,0.048,0.75,7.14e-6,0.108,0.163,139.902,4,210240,C major
folklore,cardigan,7/24/2020,0.612,0.58,-8.572,0.0419,0.525,4.14e-4,0.26,0.534,130.045,4,239560,C minor
folklore,the last great american dynasty,7/24/2020,0.688,0.653,-8.558,0.0403,0.481,0.00414,0.106,0.701,147.991,4,231000,G major
folklore,exile,7/24/2020,0.31,0.374,-8.464,0.0275,0.761,2.46e-5,0.11,0.16,75.938,4,285640,F# major
folklore,my tears ricochet,7/24/2020,0.456,0.265,-10.663,0.0328,0.814,0,0.0679,0.112,129.947,4,255893,C major
folklore,mirrorball,7/24/2020,0.549,0.417,-10.064,0.035,0.686,1.9e-6,0.0604,0.347,110.137,4,208973,G major
folklore,seven,7/24/2020,0.602,0.494,-10.813,0.0277,0.888,2.59e-5,0.0902,0.374,94.955,4,208907,E major
folklore,august,7/24/2020,0.387,0.634,-9.222,0.0363,0.553,6.93e-5,0.0931,0.42,89.567,4,261920,F major
folklore,this is me trying,7/24/2020,0.511,0.478,-9.837,0.0322,0.312,2.3e-5,0.147,0.408,135.882,4,195107,A major
folklore,illicit affairs,7/24/2020,0.529,0.304,-10.567,0.0356,0.862,0,0.108,0.44,119.58,4,190893,A# major
folklore,invisible string,7/24/2020,0.651,0.459,-11.128,0.0507,0.859,6.63e-5,0.105,0.454,83.455,4,252880,E minor
folklore,mad woman,7/24/2020,0.593,0.7,-9.016,0.0492,0.67,6.77e-6,0.116,0.451,141.898,4,237267,D# major
folklore,epiphany,7/24/2020,0.317,0.254,-13.679,0.0286,0.727,3.26e-4,0.0867,0.103,93.933,4,289747,C# major
folklore,betty,7/24/2020,0.595,0.376,-8.767,0.0256,0.589,0,0.0989,0.476,95.946,4,294520,C major
folklore,peace,7/24/2020,0.644,0.284,-12.879,0.0821,0.916,1.5e-5,0.0909,0.328,150.072,4,234000,F major
folklore,hoax,7/24/2020,0.676,0.178,-15.01,0.0394,0.964,7.9e-6,0.135,0.404,118.84,4,220040,G# major
folklore,the lakes,7/24/2020,0.313,0.258,-11.532,0.0383,0.842,1.3e-6,0.0948,0.268,179.947,4,211813,D major
evermore,willow,12/11/2020,0.392,0.574,-9.195,0.17,0.833,0.00179,0.145,0.529,81.112,4,214707,G major
evermore,champagne problems,12/11/2020,0.462,0.24,-12.077,0.0377,0.92,0,0.113,0.32,171.319,4,244000,C major
evermore,gold rush,12/11/2020,0.512,0.462,-10.491,0.0408,0.83,0.166,0.121,0.353,112.05,4,185320,A major
evermore,'tis the damn season,12/11/2020,0.575,0.434,-8.193,0.0312,0.735,6.59e-5,0.105,0.348,145.916,4,229840,F major
evermore,tolerate it,12/11/2020,0.316,0.361,-10.381,0.0488,0.878,2.67e-5,0.0797,0.221,74.952,5,245440,A major
evermore,"no body, no crime",12/11/2020,0.546,0.613,-7.589,0.0264,0.418,0,0.103,0.535,79.015,4,215627,G minor
evermore,happiness,12/11/2020,0.559,0.334,-10.733,0.0376,0.87,0,0.114,0.211,122.079,4,315147,B major
evermore,dorothea,12/11/2020,0.605,0.488,-8.322,0.0264,0.696,0,0.129,0.354,119.966,4,225880,E major
evermore,coney island,12/11/2020,0.537,0.537,-11.266,0.0617,0.819,9.04e-4,0.142,0.292,107.895,4,275320,G# major
evermore,ivy,12/11/2020,0.515,0.545,-9.277,0.0353,0.855,1.97e-5,0.0921,0.535,88.856,4,260440,D major
evermore,cowboy like me,12/11/2020,0.604,0.517,-9.014,0.0347,0.768,1.55e-4,0.123,0.511,127.967,4,275040,C major
evermore,long story short,12/11/2020,0.546,0.73,-7.704,0.0417,0.66,0.179,0.0972,0.573,157.895,4,215920,C major
evermore,marjorie,12/11/2020,0.535,0.561,-11.609,0.0484,0.876,1.36e-4,0.115,0.287,96.103,4,257773,F major
evermore,closure,12/11/2020,0.689,0.704,-10.813,0.245,0.835,4.83e-6,0.134,0.92,151.884,5,180653,A major
evermore,evermore,12/11/2020,0.39,0.27,-10.673,0.0308,0.937,0.00227,0.111,0.32,125.177,5,304107,C# major
evermore,right where you left me,12/11/2020,0.581,0.619,-6.524,0.0282,0.769,1.06e-4,0.117,0.645,137.915,4,245027,A# major
evermore,it's time to go,12/11/2020,0.592,0.41,-12.426,0.0397,0.801,1.39e-5,0.09,0.416,151.923,4,254640,C major
Midnights,Lavender Haze,10/21/2022,0.735,0.444,-10.519,0.0684,0.204,0.0012,0.17,0.0984,97.038,4,202396,A# major
Midnights,Maroon,10/21/2022,0.658,0.378,-8.3,0.0379,0.0593,0,0.0976,0.0382,108.034,4,218271,G major
Midnights,Anti-Hero,10/21/2022,0.638,0.634,-6.582,0.0457,0.133,1.23e-6,0.152,0.519,96.953,4,200690,E major
Midnights,Snow On The Beach,10/21/2022,0.659,0.323,-13.425,0.0436,0.735,0.00321,0.116,0.154,110.007,4,256124,A major
Midnights,"You're On Your Own, Kid",10/21/2022,0.694,0.38,-10.307,0.0614,0.416,8.47e-6,0.126,0.376,120.044,4,194207,D major
Midnights,Midnight Rain,10/21/2022,0.636,0.377,-11.721,0.0708,0.71,6.51e-5,0.115,0.23,139.966,4,174783,C major
Midnights,Question...?,10/21/2022,0.751,0.502,-8.777,0.162,0.226,0,0.297,0.112,108.989,4,210557,G major
Midnights,Vigilante Shit,10/21/2022,0.87,0.279,-11.134,0.364,0.16,1.74e-5,0.121,0.16,79.996,4,164801,E minor
Midnights,Bejeweled,10/21/2022,0.7,0.55,-9.13,0.0653,0.0661,1.02e-4,0.091,0.412,164.003,4,194166,G major
Midnights,Labyrinth,10/21/2022,0.487,0.313,-15.434,0.0487,0.791,0.348,0.124,0.141,110.039,4,247962,C major
Midnights,Karma,10/21/2022,0.649,0.622,-7.054,0.0582,0.074,0,0.594,0.106,90.024,4,204852,G# major
Midnights,Sweet Nothing,10/21/2022,0.334,0.161,-14.875,0.0506,0.967,4.71e-5,0.115,0.396,176.747,4,188497,C major
Midnights,Mastermind,10/21/2022,0.661,0.352,-14.077,0.117,0.571,0.00147,0.0884,0.13,125.934,4,191039,E major
Midnights,The Great War,10/21/2022,0.573,0.741,-8.987,0.0353,0.219,2.23e-5,0.0842,0.554,96.016,4,240356,F major
Midnights,Bigger Than The Whole Sky,10/21/2022,0.422,0.235,-12.379,0.0568,0.826,0.00648,0.115,0.068,165.71,4,218503,F# major
Midnights,Paris,10/21/2022,0.7,0.509,-10.547,0.0789,0.112,3.27e-5,0.137,0.345,110.947,4,196259,G major
Midnights,High Infidelity,10/21/2022,0.646,0.529,-10.179,0.0864,0.723,0,0.0885,0.755,87.862,4,231475,A# major
Midnights,Glitch,10/21/2022,0.675,0.466,-9.738,0.201,0.361,0,0.11,0.347,140.864,4,148781,B minor
Midnights,"Would've, Could've, Should've",10/21/2022,0.483,0.84,-6.508,0.119,0.43,5.75e-4,0.146,0.55,157.979,4,260362,G major
Midnights,Dear Reader,10/21/2022,0.562,0.388,-12.088,0.0705,0.481,0.00145,0.117,0.159,107.747,4,225194,C major
Midnights,Hits Different,10/21/2022,NA,NA,NA,NA,NA,NA,NA,NA,NA,NA,NA,NA
Midnights,"You're On Your Own, Kid (Strings Remix)",10/21/2022,NA,NA,NA,NA,NA,NA,NA,NA,NA,NA,NA,NA
Midnights,Sweet Nothing (Piano Remix),10/21/2022,NA,NA,NA,NA,NA,NA,NA,NA,NA,NA,NA,NA
The Taylor Swift Holiday Collection,Last Christmas,10/14/2007,0.702,0.77,-5.319,0.0372,0.31,0,0.149,0.685,116.009,4,208253,F major
The Taylor Swift Holiday Collection,Christmases When You Were Mine,10/14/2007,0.625,0.206,-12.568,0.0285,0.646,0,0.0915,0.392,79.466,4,184253,G major
The Taylor Swift Holiday Collection,Santa Baby,10/14/2007,0.759,0.509,-6.593,0.0271,0.159,0,0.153,0.75,107.948,4,158600,F major
The Taylor Swift Holiday Collection,Silent Night,10/14/2007,0.423,0.311,-7.581,0.0319,0.621,0,0.0987,0.134,119.546,3,209893,G major
The Taylor Swift Holiday Collection,Christmas Must Be Something More,10/14/2007,0.689,0.793,-4.838,0.0356,0.298,0,0.107,0.506,122.879,4,232147,G major
The Taylor Swift Holiday Collection,White Christmas,10/14/2007,0.562,0.392,-9.014,0.0287,0.587,0,0.224,0.514,145.792,4,154000,A major
Beautiful Eyes,Beautiful Eyes,7/15/2008,NA,NA,NA,NA,NA,NA,NA,NA,NA,NA,NA,NA
Beautiful Eyes,Should've Said No (Alternate Version),7/15/2008,NA,NA,NA,NA,NA,NA,NA,NA,NA,NA,NA,NA
Beautiful Eyes,Teardrops On My Guitar (Acoustic Version),7/15/2008,NA,NA,NA,NA,NA,NA,NA,NA,NA,NA,NA,NA
Beautiful Eyes,Picture To Burn (Radio Edit),7/15/2008,NA,NA,NA,NA,NA,NA,NA,NA,NA,NA,NA,NA
Beautiful Eyes,I'm Only Me When I'm With You,7/15/2008,NA,NA,NA,NA,NA,NA,NA,NA,NA,NA,NA,NA
Beautiful Eyes,I Heart ?,6/23/2008,NA,NA,NA,NA,NA,NA,NA,NA,NA,NA,NA,NA
NA,American Girl,6/30/2009,NA,NA,NA,NA,NA,NA,NA,NA,NA,NA,NA,NA
NA,Bad Blood (Remix),5/17/2015,0.654,0.655,-7.388,0.106,0.0294,0,0.139,0.221,170.16,4,200107,B minor
NA,Beautiful Ghosts,11/15/2019,0.382,0.219,-10.068,0.0677,0.85,0,0.0954,0.222,175.561,3,261053,E major
NA,Carolina,6/24/2022,0.476,0.189,-13.777,0.0329,0.904,4.52e-6,0.254,0.324,115.851,4,264439,B minor
NA,Christmas Tree Farm,12/6/2019,0.598,0.68,-4.505,0.0331,0.06,0,0.324,0.437,134.002,4,228027,G major
NA,Crazier,3/20/2009,0.452,0.544,-5.423,0.0277,0.0631,5.33e-6,0.104,0.158,133.042,3,191947,E major
NA,Eyes Open,3/27/2012,0.598,0.724,-7.226,0.0344,0.00667,0.00187,0.0839,0.299,137.116,4,244587,G major
NA,I Don't Wanna Live Forever,12/9/2016,0.734,0.442,-8.432,0.0557,0.0594,1.63e-5,0.213,0.0973,117.967,4,245653,C major
NA,Lover (Remix),11/13/2019,0.448,0.603,-7.176,0.064,0.433,0,0.0862,0.422,205.272,3,221307,G major
NA,Only The Young,1/31/2020,0.56,0.78,-4.895,0.0517,0.00244,0,0.0714,0.602,93.516,4,157507,F minor
NA,Ronan,9/8/2012,0.565,0.255,-10.152,0.0314,0.646,0,0.127,0.174,57.964,4,265307,C major
NA,Safe & Sound,12/26/2011,0.471,0.3,-10.807,0.028,0.883,1.05e-5,0.0698,0.289,144.319,4,240067,G major
NA,September,4/13/2018,0.641,0.444,-6.482,0.0239,0.412,0.00121,0.179,0.588,107.081,4,187824,F# major
NA,Sweeter Than Fiction,10/21/2013,0.71,0.614,-6.965,0.0366,0.00164,1.54e-4,0.0785,0.673,135.012,4,237640,F# major
NA,This Love (Taylor's Version),5/6/2022,0.47,0.494,-8.672,0.0349,0.302,0,0.0672,0.0524,144.039,4,250100,E major
NA,Today Was A Fairytale,1/19/2010,0.491,0.703,-4.5,0.0319,0.0307,5.72e-6,0.167,0.344,157.988,4,242480,G major
NA,Wildest Dreams (Taylor's Version),9/17/2021,0.583,0.67,-7.289,0.0646,0.0374,1e-4,0.126,0.498,140.061,4,220433,G# major
NA,Babe,4/20/2018,0.535,0.777,-3.292,0.207,0.0187,1.62e-6,0.136,0.664,171.72,4,215107,E major
NA,Birch,8/27/2021,0.644,0.639,-13.545,0.0466,0.889,0.143,0.0993,0.255,92.012,4,330067,G# major
NA,Both Of Us,5/22/2012,0.677,0.722,-7.088,0.0522,0.0213,0,0.207,0.0483,125.091,4,216120,G major
NA,Gasoline (Remix),2/19/2021,0.658,0.717,-4.257,0.0633,0.0846,0.0022,0.12,0.595,133.074,4,193373,C# minor
NA,Half Of My Heart,6/21/2010,0.681,0.593,-9.327,0.0251,0.435,1.17e-4,0.106,0.731,115.058,4,250373,F major
NA,Highway Don't Care,3/25/2013,0.47,0.79,-5.352,0.039,0.0216,0,0.0863,0.495,158.061,4,276880,D major
NA,Renegade,7/2/2021,0.532,0.708,-8.121,0.0505,0.435,0.0236,0.107,0.586,167.977,4,254467,C major
NA,The Joker And The Queen,2/11/2022,0.528,0.309,-7.398,0.0329,0.924,2.1e-6,0.282,0.307,133.83,4,185422,C major
NA,Three Sad Virgins,11/13/2021,NA,NA,NA,NA,NA,NA,NA,NA,NA,NA,NA,NA
NA,Two Is Better Than One,10/19/2009,0.521,0.702,-5.189,0.0331,0.189,0,0.0962,0.25,127.976,4,242840,C major
